<application>
  <component name="CodotaSettings">
    <option name="methodCompletionsPercentageSet" value="true" />
    <option name="id" value="09b17eb5-f7ef-447c-a327-e83dcd3618c9" />
    <option name="wasRunBefore" value="true" />
    <option name="firstRun" value="1598277886483" />
    <option name="generation" value="116" />
    <option name="updateGeneration" value="1" />
    <option name="isInJSBeta" value="YES" />
    <option name="isMethodCompletionsPercentageActive" value="true" />
    <option name="isMethodCompletionsPercentageSet" value="true" />
    <option name="testedFeatureFlags">
      <set>
        <option value="deep-completions" />
      </set>
    </option>
    <option name="usedLanguages">
      <set>
        <option value="java" />
        <option value="kotlin" />
      </set>
    </option>
  </component>
</application>