<application>
  <component name="AppStorage">
    <option name="newTranslationDialogWidth" value="596" />
    <option name="newTranslationDialogX" value="827" />
    <option name="newTranslationDialogY" value="456" />
    <histories>
      <item value="true if the menu or action mode was updated, false otherwise" />
      <item value="Called to refresh an action mode's action menu whenever it is invalidated" />
      <item value="CardView adds additional padding to draw shadows on platforms before Lollipop. &lt;p&gt; This may cause Cards to have different sizes between Lollipop and before Lollipop. If you need to align CardView with other Views, you may need api version specific dimension resources to account for the changes. As an alternative, you can set this flag to &lt;code&gt;true&lt;code&gt; and CardView will add the same padding values on platforms Lollipop and after. &lt;p&gt; Since setting this flag to true adds unnecessary gaps in the UI, default value is &lt;code&gt;false&lt;code&gt;. @param useCompatPadding &lt;code&gt;true&gt;&lt;code&gt; if CardView should add padding for the shadows on platforms Lollipop and above." />
      <item value="True if CardView prevents overlaps with rounded corners on platforms before Lollipop. Default value is &lt;code&gt;true&lt;code&gt;." />
      <item value="Returns whether CardView should add extra padding to content to avoid overlaps with rounded corners on pre-Lollipop platforms." />
      <item value="Draws a round rect using 7 draw operations. This is faster than using canvas.drawRoundRect before JBMR1 because API 11-16 used alpha mask textures to draw shapes." />
      <item value="This is faster than using" />
      <item value="Draws a round rect using 7 draw operations" />
      <item value="Draw in its bounds (set via setBounds) respecting optional effects such as alpha (set via setAlpha) and color filter (set via setColorFilter)." />
      <item value="execute" />
      <item value="Choreographer" />
      <item value="obsolete" />
      <item value="The new Kotlin JVM backend has reached the Beta stage. Read about its benefits in this blog post. We plan to enable it by default from Kotlin 1.5 (coming in spring 2021). We kindly ask you to test it on your main project. This blog post explains how to enable it and share your feedback." />
      <item value="Whether the ValueAnimator should start playing in reverse" />
      <item value="Derived classes must call through to the super class's implementation of this method. If they do not, an exception will be thrown." />
      <item value="Note: do not count on this method being called as a place for saving data! For example, if an activity is editing data in a content provider, those edits should be committed in either {@link onPause} or {@link onSaveInstanceState}, not here.&lt;em&gt; This method is usually implemented to free resources like threads that are associated with an activity, so that a destroyed activity does not leave such things around while the rest of its application is still running. There are situations where the system will simply kill the activity's hosting process without calling this method (or any others) in it, so it should not be used to do things that are intended to remain around after the process goes away." />
      <item value="Perform any final cleanup before an activity is destroyed. This can happen either because the activity is finishing (someone called {@link finish} on it), or because the system is temporarily destroying this instance of the activity to save space. You can distinguish between these two scenarios with the {@link isFinishing} method." />
      <item value="Queue" />
      <item value="CloseGuard defaults to true and can be quite spammy" />
      <item value="Install selective syscall interception" />
      <item value="Syringe" />
      <item value="It must be run in async thread, maybe interceptor cost too mush time made ANR" />
      <item value="Completion the postcard by route metas" />
      <item value="depending on your usecase suitable options" />
      <item value="reactive streams" />
      <item value="violations" />
      <item value="layer" />
      <item value="embraces" />
      <item value="LocalBroadcastManager is an application-wide event bus and embraces layer violations in your app: any component may listen events from any other. You can replace usage of {@code LocalBroadcastManager} with other implementation of observable pattern, depending on your usecase suitable options may be {@link androidx.lifecycle.LiveData} or reactive streams" />
      <item value="Expected" />
      <item value="Actual" />
      <item value="Superimpose a line for 1D or dots for 2D to highlight the key features of the barcode" />
      <item value="Scan the formats the intent requested, and return the result to the calling activity" />
      <item value="CameraManager must be initialized here, not in onCreate(). This is necessary because we don't want to open the camera driver and measure the screen size if we're going to show the help on first launch. That led to bugs where the scanning rectangle was the wrong size and partially off screen." />
      <item value="Detects ambient light and switches on the front light when very dark, and off again when sufficiently light" />
      <item value="front" />
      <item value="switches" />
      <item value="light" />
      <item value="ambient" />
      <item value="Detects" />
      <item value="actual" />
      <item value="PAN" />
      <item value="_PAN" />
      <item value="Denotes the language is not supported." />
      <item value="Denotes the language data is missing." />
      <item value="Queue mode where the entire playback queue is purged. This is different from {@link QUEUE_FLUSH} in that all entries are purged, not just entries from a given caller." />
      <item value="Queue mode where the new entry is added at the end of the playback queue." />
      <item value="Queue mode where all entries in the playback queue (media to be played and text to be synthesized) are dropped and replaced by the new entry. Queues are flushed with respect to a given calling app. Entries in the queue from other callees are not discarded." />
      <item value="entries" />
      <item value="given" />
    </histories>
    <option name="languageScores">
      <map>
        <entry key="CHINESE" value="197" />
        <entry key="ENGLISH" value="198" />
      </map>
    </option>
  </component>
  <component name="Cache">
    <option name="lastTrimTime" value="1617460434361" />
  </component>
  <component name="Settings">
    <option name="baiduTranslateSettings">
      <app-key>
        <option name="appId" value="20200715000520023" />
      </app-key>
    </option>
  </component>
</application>